text,label
"Jfc, that's depressing.",nervousness
"Sorry, new at ",nervousness
Iâ€™ve massively improved but it never really gets cured. There are always situations that will give you anxiety.,nervousness
I was trying to make the point that the patient is still having a seizure; it's just not visible because they are paralyzed.,nervousness
"I like Bill and would like to see him back, but he still makes me nervous at a high price too. ",nervousness
>but part of the whole inequality picture is women receiving lower pay for the same jobs. Honestly? Doesn't happen.,nervousness
Guilty as well!,nervousness
The guy at the deli this morning when I went to get ham looked liable to collapse.,nervousness
Bill combat is terrible and the only reason I donâ€™t play it anymore,nervousness
I have a headache from watching that,nervousness
"Yeah, so many accidents occur because people donâ€™t know what to do in the event of loss of tire grip.",nervousness
"Snorting them might be what kept her from having a lethal overdose, snorting benzos is pretty much a waste as most of it barely absorbs.",nervousness
More please!,nervousness
I spend a lot of time worrying about how and why that'll happen to me as I get older.,nervousness
This only pushes me closer to the void,nervousness
That's a very...unsettling face.,nervousness
Have you tried taunting for 90 seconds straight?,nervousness
Absolutely. It's exhausting.,nervousness
Lindt donâ€™t fuck about,nervousness
"You know I never thought I'd celebrate someone's death, but once she goes I'm going to have to try very hard to not enjoy it...",nervousness
Don't make me run! I'm full of chocolate!,nervousness
"Oh joy, now my life is complete ğŸ™„ Anything that ends in an -asm should be avoided like the plague. ",nervousness
Weâ€™ve got the terrorists screaming Bill while commiting terror acts to thank for that.,nervousness
It started to compute for me when I was â€œrightâ€ all the time but never ended up getting what I wanted.,nervousness
Iâ€™m uncomfortable just looking at her.,nervousness
Iâ€™m so nervous!,nervousness
"Oh man, there isn't enough popcorn to enjoy this.",nervousness
Ugh yes. And donâ€™t even get me started about those conveniently placed guitars to calm a victims nerves beforehand,nervousness
That...that was way more disturbing than the top level sub. What the fuck?,nervousness
"Meh, itâ€™s â€œnext man upâ€ over there. Iâ€™ll be worried when they stop making it to the playoffs. ",nervousness
"Omg what the ever loving bloody hell did I just read?? As an artist, this was extra painful to me.",nervousness
"Help, help, I'm being repressed!",nervousness
I feel like Bill would be upset about this too,nervousness
It dulls the pain,nervousness
this made me stop subconsciously breathing and now I can't stop thinking about it,nervousness
Osaka making me nervous,nervousness
I couldn't reply to the message I got the other day,nervousness
> I want to feel peace and not have to wake up everyday anxious for what the day has in store. I can relate to this.,nervousness
"Honestly mate, highest I've got to is only 1623 but put me up against an axe or a cannon and I'm just dead.",nervousness
I would love to accidentally get muscular... Instead of working my arse off to lose fat at the moment.,nervousness
I am getting so nervous watching this,nervousness
I would stay away from Bill. Apparently his injury got infected and will require more surgery/surgeries,nervousness
Iâ€™m worried about Bill too,nervousness
migraines suck. Hope you feel better.,nervousness
Thing is...it's the media the masses take in that is driving this anxiety Bill or AP reader isn't falling for this,nervousness
Is there something I'm missing here? I don't see the pun.,nervousness
I usually do that as well. I need to make a phone call on another language and omg i can't describe to you how difficult it is.,nervousness
Bill out? Bill is losing his mind!,nervousness
Trust me no one getting caught but this dumb MF,nervousness
I'd rather be bitter and angry than miserable.,nervousness
Looks like Big trouble in Little China,nervousness
"For some reason I wanted to be a bartender when I was 8. After hearing this story, makes me feel I missed out. ",nervousness
"""I suffer from a very sexy learning disability. What do I call it, Bill?""",nervousness
Iâ€™m so nervous!,nervousness
Theyâ€™re just insecure tbh,nervousness
"Definitely the current worst, hence 20 actually buffs coming her way.",nervousness
I hope this guy got found and fired. That's way too dangerous. He could have easily killed someone.,nervousness
If Bill doesn't drop a Bill tribute tonight in his intro I'm going to be hella disappointed.,nervousness
Bill looks veeeery nervous,nervousness
....itâ€™s just raining on my face,nervousness
"Okay, fair enough, though the vid worried me about the level of grinding in the game",nervousness
Bruh. Same Iâ€™m sitting here wide awake barely breathing outta one nostril.trying to blow my nose every ten seconds and I thins happening,nervousness
"Well what is she gonna do, climb over the wall?",nervousness
"Oh Bill, me and kiwi or pineapple. Or that feeling when a tortilla chip gets stuck in the roof of your mouth",nervousness
"Anyone else stressed out because Bill is not next to Bill... no? Ok, me neither",nervousness
Disney World/Land or NYE at Time's Square have always made me nervous.,nervousness
This is why I worry about you sometimes,nervousness
back then at school there was a girl in my class who probably had social anxiety too but i never said anything to her...,nervousness
Don't worry you'll outlive them.,nervousness
It's riskier to take on bad contracts right now,nervousness
"This is a crime against humanity and the FBI is on its way. Do not try to leave your current location, you are being tracked.",nervousness
"The lease ends on September 9th. I can hold out until then, itâ€™s just going to suck. ",nervousness
The Babylon Bee article makes me worry for Bill comic tastes.,nervousness
"The Rockets, too. This month will be a horror show.",nervousness
You clearly don't have a clue about Bill career so don't start worrying about it now.,nervousness
I got a lot of withholding to throw me into anxiety.,nervousness
Disney World/Land or NYE at Time's Square have always made me nervous.,nervousness
Holy shit I was so anxious reading this. Iâ€™m so sorry,nervousness
Why would a pop tart live in a toaster thatâ€™s like the most terrifying place for them,nervousness
So much lonely,nervousness
Sorry for your loss. Thoughts and prayers.,nervousness
Ok but itâ€™s easy to worry when the legal drinking age in your nation is one of the lowest among first-world countries.,nervousness
"Oooh, edgy!",nervousness
Maximum silly!,nervousness
Tbh the floor is probably more comfortable than the seats. Doesn't make it safe though.,nervousness
Duuuude you are double trouble! It's you're* cmon man have some mercy on yourself,nervousness
Some graffiti can turn that really bad,nervousness
Women get pregnant. Women are weaker than men. Those things wonâ€™t disappear.,nervousness
I know I am very worried,nervousness
I'm so jealous. I'm in NYC for a year and the lack of King Cake is giving me actual depression.,nervousness
"Leader is an aura perk so you can't be affected by it yourself, you can only affect other people with it. ",nervousness
"Oh gosh, I'm so sorry you had to deal with that. It sounds like you handled it really well. Kids are cruel. ",nervousness
I'm just still numb.,nervousness
"For as long as sheâ€™s been gone, Iâ€™m terrified to think why she was kept alive that long.",nervousness
"Quitting porn only helped with my performance in bed, other than that Iâ€™m still anxious as hell in social spots ",nervousness
Bill ruled out due to injury. Bill starts. Bill to bench. Doubtful of a win now.,nervousness
She reminds me of my crazy sister. Just a ball of nervousness and constantly just on the verge of crying.,nervousness
"Damn, I really been playing this series all my life...and I ainâ€™t got any regrets.",nervousness
I get migraines too and Iâ€™m sooo tired the first two days of my period,nervousness
"Blizzard was working with Activision long before Hots. I'm afraid its too late now, to divorce.",nervousness
Bill really getting roasted every chance. I think he is just misunderstood. I hope he shows up.,nervousness
Iâ€™m about to have a heart attack tonight,nervousness
"I gotta say, that was a WELL fought period. I was worried a couple times...",nervousness
How terrible. Imagine waiting this long only to die the day before release? I always get that minor anxiety before a highly anticipated album!!,nervousness
"Ya, definitely gotta not feel like a Bill sometimes too. ",nervousness
I'm concerned they actually have to press a button. Why no dead man's handle?,nervousness
This gave me ultimate anxiety,nervousness
Classic Trap game... I'm nervous. Hope our boys aren't hungover.,nervousness
"This is exactly what I knew would happen with that photo. Ugh, this shit needs to end.",nervousness
Shiiiiit Iâ€™m about to fuck Bill.,nervousness
"Yeah thatâ€™s one of the things Iâ€™m most worried about, still hopeful!",nervousness
She better not die,nervousness
Iâ€™m more worried about the dude getting pissed all over my shoes,nervousness
and everyone else is worried about themselves not paying attention to you,nervousness
I already called the county I got married in trying to find out about it but they had nothing on either of us about a divorce.. Im so anxious.,nervousness
"I have this too, so don't worry. We are not crazy. Just regular humans who happen to have an anxiety issue. ",nervousness
"I would feel similarly, but I would be more gleeful and less guilty. ",nervousness
I spend a lot of time worrying about how and why that'll happen to me as I get older.,nervousness
"Dude, your mentally handicapped post history. /I'm ignoring ya it's all good",nervousness
"Yeah, for sure. I've definitely come pretty close to panic attacks at the dentist as well.",nervousness
At least we will still have broccoli.,nervousness
The saddest thing is you will never understand how absolutely idiotic what you just said is.,nervousness
also anxious that people will be angry or surprised or upset at me for me never telling people about this before,nervousness
my 3.5mm jack came with my iphone se and I can literally never lose it as long as I have my phone.,nervousness
H-how did I not notice that?! I was looking at some of those shoes yesterday,nervousness
A nightmare hellscape future where the living envy the hot dogs,nervousness
My liver CRIES watching these kids. Weeps into a warm cup of steamed milk.,nervousness
Wow starters before 6 min mark?? Insane,nervousness
Bill are you me? Like I was relating and then you said rot in Atlanta traffic and the pains of 285 burned into my mind.,nervousness
"I know, I know, but CAN YOU BLAME ME FOR BEING NERVOUS",nervousness
"Yep, whole different story if mom finds her favorite vibrator buzzing on the floor still.",nervousness
"Even assuming that it's possible to take nothing, god DAMN I feel bad for anyone that has to look at the second dude's head during sex",nervousness
wanna high key low key high key slide into Bill DMs even though I'm literally distraught at him and Bill separating,nervousness
Gets kinda itchy.,nervousness
Uh . . . Uh . . . I'm not feeling so well.,nervousness
"Precisely that. I hope youâ€™re able to find strategies to deal with it easier, itâ€™s really tough",nervousness
"Cough cough, r/gunners would likento buy you a drink for speaking the truth good sir. ",nervousness
There's those people that compliment me all the time and you can tell it's so forced and fake and I honestly dont know what to say,nervousness
Worried about it escaping....now that's fresh food.,nervousness
"Jfc, that's depressing.",nervousness
Yeah i checked her teeth out and they are okay. I was worried about that as well,nervousness
This sub is so edgy,nervousness
This is literally the *only* thing I know about warhammer orks and I feel kind of bad about that. It's the coolest concept: faith-based technology.,nervousness
That is the end-all and be-all of the situation. if you feel upset or insecure you should definitely be creeped out as he's doing it.,nervousness
I am getting so nervous watching this,nervousness
"But once it's born, if its parents can't afford food, shelter and medical care, it can go fuck itself.",nervousness
Sorry to hear that. Hope you feel better soon!,nervousness
I blame Bill.,nervousness
Thanks now Iâ€™m insecure again,nervousness
I never feel a connection or when I do I push them away.,nervousness
Fat dont fail me now!!,nervousness
I was so worried for the kitty the whole story.,nervousness
"yeah while i cant even leave the house without being an anxious mess, let alone interact with anyone... ",nervousness
"Not me personally, but I do think it's an excellent idea. You never know when a stomach bug might hit.",nervousness
I told their kid that it was okay to be upset. (He was anxious and I was validating his feelings.),nervousness
that's horrifying,nervousness
"Yup, same as you but when I'm waking up. Too much effort trying to remember letters with little meaning when I'm waking up.",nervousness
Just the name of it gives me anxiety,nervousness
"I'm hoping it's more statistical noise at this point still, but it's definitely worrying.",nervousness
Yea I saw that...had me worried for a sec but I had no trouble at Delta,nervousness
It hasnâ€™t happened yet. Just talk to the supervisor or HR. In the meantime donâ€™t borrow trouble.,nervousness
you can but it takes a bit of time. I've had panic attacks and anxiety attacks and they are not remotely fun,nervousness
"Lol well if you see an awkward looking girl in a white car following at a safe distance, just know thatâ€™s little ole anxious me!",nervousness
He has made threats saying if he sees me on the street he will attack me thatâ€™s what the situation boiled down to,nervousness
"This is like aliens coming to this planet, taking you in as a pet, then surrounding you with mannequins. Iâ€™d be freaked out too. ",nervousness
Wait. Thatâ€™s illegal.,nervousness
Disney World/Land or NYE at Time's Square have always made me nervous.,nervousness
That video was so shaky I thought I had Cerebellar Hypoplasia for a minute.,nervousness
Iâ€™m uncomfortable just looking at her.,nervousness
"Ok, but ignoring negative shit is literally how populists like Bill and Bill got elected. Its dangerous.",nervousness
"Maybe the Bill curse isnt real, but the Bill curse sure as hell is. We dont want any Bill on the cover!!",nervousness
"Again, that + is going to make people not want to do this deal.",nervousness
It's been pretty mild in New England but we got a massive storm coming to change that at the end of the week,nervousness
When she gives you the 10 minute hangry warning,nervousness
So edgy.,nervousness
"My first day with them off was quite anxious, but it got better!",nervousness
Iâ€™m stuck at work tonight so I missed it ğŸ˜¢ğŸ˜¢,nervousness
My poor baby,nervousness
"I can relate, and I blame sexual tension because of it.",nervousness
Always have a Stockholm syndrome induced craving for HSE standard jelly and ice cream anytime I think of hospitals here,nervousness
Woops. I'll keep it that way. Never be tired AF and post on reddit y'all.,nervousness
"You mean Ichigo/Nero/Black Ranger/I'm a Frog. Did not know that Bill voiced Bill, but it does exsplain why he sounded so familiar.",nervousness
Scary stuff.,nervousness
Iâ€™m more worried about the dude getting pissed all over my shoes,nervousness
All I'll say is when I can smell it walking down the street it makes me very jealous.,nervousness
EWWW yes. This makes me shudder. All wet and gross.,nervousness
Option B for sure. But with more roundabouts plz.,nervousness
Stuff like this makes me worry a little less about the future generations.,nervousness
My Bill accuses me of cheating all the time too when Iâ€™ve been nothing but loyal. Makes me wonder if she was cheating on me too...,nervousness
this comment made me very nervous,nervousness
"Quitting porn only helped with my performance in bed, other than that Iâ€™m still anxious as hell in social spots ",nervousness
Heâ€™s 60 and never had a HC gig. That should worry folks!,nervousness
I just want to die. I don't want to keep trying.,nervousness
I'm worried that even in the summer we're not going to have the funds necessary to do that.,nervousness
You sound upset.,nervousness
"I donâ€™t make the rules, man, I just blindly follow them like a sheep",nervousness
I used to feel like this. Thatâ€™s a mental illness man,nervousness
Played in a dangerous cross which Bill should have scored from. Just before Bill goal,nervousness
"Me too, I'm shitting myself.",nervousness
Because theyâ€™re going to have trouble crossing the *language barrier*.,nervousness
I'm getting worried,nervousness
Really that's not very sad at all,nervousness
I'd be more worried about the kids needing eye protection at that point.,nervousness
Yeah if you fall into a tree hole thereâ€™s almost no chance of getting yourself out.,nervousness
I got a lot of withholding to throw me into anxiety.,nervousness
"It was Bill, cm. Didn't have the best of games today.",nervousness
delusional about dread being a scam (don't know how this would work) and more of these conspiracy theories with zero proof/,nervousness
Hidilly ho there neighbourino now stop swearing you Bill damn cunt I'm buying my son GTA V,nervousness
I was tripping balls my first time.,nervousness
I know how it feels. Iâ€™m just too Anxious to sleep.,nervousness
"Just an employee, just stressed that it takes so long to save 10k for example and even that is nothing ! Should of brought more bitcoins",nervousness
Edgy bro.,nervousness
"Yeah, I do. I'm just pretty sure that that will fuck my heart eventually. But I'll worry about that later.",nervousness
Iâ€™m tired from working hard and I want someone to snuggle me to sleep,nervousness
I always worry about my facial expressions. You're not alone there.,nervousness
I wouldn't say that publicly. The guy is still alive and he's coming for you,nervousness
"Well, we need to know so we can get the fuck as far away as possible.",nervousness
I dont know.. i did message him many times but he didnt reply me.. i am worried about him. I asked his mother about him,nervousness
"Jfc, that's depressing.",nervousness
I'm a guy and I'm squirming. My wife asked me what the hell I was reading and I told her. She said wtf really loud.,nervousness
"Oh, it's definitely working and that worries me a lot. ",nervousness
you're going to relapse in two years because you have an illness that makes you use excessive amounts of things to cope with emotions..,nervousness
I am getting a cursed vibe from this,nervousness
"The guy filming creeped me out with his internet obsession. â€œ6million views, junior, think about that! Wooo-oo-weeee :D!!!â€ ",nervousness
This gave me ultimate anxiety,nervousness
"Serve eviction notice, get some press, thatâ€™ll really get things moving",nervousness
I'm still worried about Bill though :(,nervousness
"They are high pressure hoses, think about getting waterboarded.",nervousness
My chest tightened so quickly,nervousness
"Seriously, way to miss the point. Even if no liquid falls from their eyes, they suffer immensely.",nervousness
"Genuinely, it is! The only complaint is that kentrosaurus is spikey as hell, and I find him with my foot in the dark fairly often...",nervousness
"Dying because of too much vitamin c sounds odd, since it's water soluble iirc",nervousness
It's got gray icing. I can't even begin to think how you'd make gray icing,nervousness
I'm puzzled,nervousness
Disney World/Land or NYE at Time's Square have always made me nervous.,nervousness
Oh getting down voats. The EU fascists don't like it when you speak out against the 4th Reich.,nervousness
Bill sounds so depressed,nervousness
Can confirm. I've been trying to get out of bed for an hour and 15 minutes,nervousness
"I'm hoping it's more statistical noise at this point still, but it's definitely worrying.",nervousness
"i would feel really uneasy knowing i can never visit other countries, i think i would rather have the 50K",nervousness
Please no hate itâ€™s my first post bro please,nervousness
You really can't. So just dont worry about it,nervousness
It worries me that there are people that miss the meaning of a subject by so much. Your critical thinking skills sadden me.,nervousness
This sub is so edgy,nervousness
Make sure you actually try sativas. Don't just listen to people bsing about Sativa causing paranoia/anxiety etc.,nervousness
"Yeah it kinda sucks, that much is for sure, I'm just wondering if anyone knows why or has the same problem",nervousness
Not bad at all.,nervousness
Heâ€™s probably just getting stressed out that it is now getting dark and he lives in the countryside,nervousness
If you can't do your jobs you risk fucking losing them.,nervousness
I have no confidence to boost,nervousness
Are you okay? What's wrong?,nervousness
DO NOT SAY ANYONE OTHER THAN Bill IS BETTER THAN Bill OR THE PITCHFORKS ARE OUT,nervousness
Been off since November 29th. I would rather be working and making money. Home gets boring,nervousness
Yes. Once I went to lunch so late in a 9-5 job it was dark when I got back.,nervousness
"Im always worrying about the same thing, thats why Im always posting and within hours freaking out and deleting my posts ",nervousness
Over thinking things on both sides.,nervousness
"Looks like any time thereâ€™s a huge spike in viewers, itâ€™s a crossover. Legends sure has a really pathetic turn out. ",nervousness
We need them both. My heart can't take another year of wasting deGrom gems in late innings.,nervousness
Yea. I'm not to worried about it,nervousness
It gives me a weird feeling as someone not named Bill. It's a very heeby jeeby inducing phrase.,nervousness
Damn....,nervousness
Bill gave me depression because had I been left unchecked I would have bested him in hand to hand combat by age 16,nervousness
I'd be shocked if he knew much of anything about the EU.,nervousness
Is a really worrying bench,nervousness
Hard. Social anxiety/general fear/uggoness kept me from actually getting dates and i was extremely awkward when I finally stopped anxie-puking to actually go on the date.,nervousness
That's beyond fucking creepy!,nervousness
"Uhh speak for yourself. Maybe you're just too jittery, I've not had a problem. You simply dont move the stick and it wont move.",nervousness
"Its not exactly what I thought it was gonna be either, but its okay, there's a lot of food.",nervousness
I have visions of someone being at a [10] blasted out of their skull and actually doing this.,nervousness
If you are feeding your two year old 1200 calories then you are fattening them up for the stew lady.,nervousness
"Well, my answer tried to be funny and witty. But apparently it struck some insecurities in some guys.",nervousness
"Yes, once I even deleted my account because I was so nervous about down votes. Lately,every once in a while I comment encouraging good attitude.",nervousness
"No particular sauce, I'm just kinda tired of having to search that tiny lil speck of pan for at least 2 minutes before I find it.",nervousness
Yeah I think you understood my issue then,nervousness
Iâ€™m concerned this story does not have a definitive conclusion,nervousness
"I dread the day something happens in Ireland, we've been sheltered from the most of it.",nervousness
"I know, that's why it's a little unfortunate they don't have a test. ",nervousness
"I think it's normal. Don't analyse how you look like and worry about it btw, those idiots sure don't when they say their bullshit",nervousness
"Holy bait-and-switch, Bill. Iâ€™m so sorry, that has to be incredibly stressful to have to be around and deal with.",nervousness
"Not sure about OP, but caffeine tends to make many people more anxious (especially those with a co-morbid anxiety disorder(s)).",nervousness
"I took it for a year. Had that problem before, during and after. May be coincidental timing for it to start being noticeable. ",nervousness
Woah... I'm shortsighted and I can get 2 pairs of glasses for â‚¬149. $500 is insane!,nervousness
It's kind of worrying that you genuinely believe that left-wing people are actively trying to destroy their own country. Approaching USA levels of ridiculous viewpoints.,nervousness
Me when I spent 90% of the art exam time finishing the head and need to rush the rest of the body.,nervousness
He had been so worried that the stepmom would have a hard time integrating into the family.,nervousness
They were nice in the PMs just wanted me to be aware that my tone was kind of callus about mental illness,nervousness
"I didnt see a ref's hand up, I was about to have a stroke",nervousness
Children whose lives are in danger daily because their parents wonâ€™t vaccinate them should be legally allowed to kill their parents.,nervousness
Oh my Bill I almost forgot about the hot dr pepper in a glass glass made of glass,nervousness
"Yeah, Inbox didn't have those so I forgot all about it until they killed it.",nervousness
Had a stroke reading these.,nervousness
"So.... we screwed then, yeah?",nervousness
"i would feel really uneasy knowing i can never visit other countries, i think i would rather have the 50K",nervousness
"Bill would be a disaster for the progressive movement. Bill, Bill and Bill, not much better.",nervousness
"I didnt see a ref's hand up, I was about to have a stroke",nervousness
Please treat me with modern medicine. I have gastroparisis.,nervousness
"Billâ€™ column the other day had an interesting line, â€œzealotry is often people working out their psychological wounds.â€",nervousness
Giggled so hard,nervousness
"Literally shaking, I hope you're getting the support you need with the ptsd this has obviously caused.",nervousness
I get snuck up on by my papillon I wouldn't stand a chance against an actual predator,nervousness
That depends on the type. Some are three wheels spinning inside each other and **covered in eyes**.,nervousness
"This is what I assumed, but I haven't seen any confirmation of this anywhere.",nervousness
"Yes, it can be a very stressful read at times.",nervousness
"Run the addresses through the property records. If the mailing address of owner ain't local, they its a lie. ",nervousness
Get her professional help.,nervousness
"Yeah, thatâ€™s what I meant. My bad.",nervousness
Gives me physical pain thanks,nervousness
Demonize - to portray as wicked and threatening. It's not hard to demonize someone when they regularly demonize themselves.,nervousness
Iâ€™m tired from working hard and I want someone to snuggle me to sleep,nervousness
"Woah you still found this, even when he spelled your name wrong, so you didn't get paged.",nervousness
and everyone else is worried about themselves not paying attention to you,nervousness
"This is me today, I have to do a 1-2 MINUTE presentation and Iâ€™m freaking out about it",nervousness
Stuff like this makes me worry a little less about the future generations.,nervousness
"The EU's 'red lines' are in treaty and legislation. The UK's red lines are just May's opinions, they could disappear in two minutes.",nervousness
"I know. Honestly, I'm applying to other districts. Tired of 56 miles round trip daily for a miserable job. ",nervousness
"yes, please do I'm worried about her D:",nervousness
"Certain mental health issues can be smelled on a person; by all accounts, schizophrenia makes a person's sweat smell like goat",nervousness
Imagining doing something this drastic all alone is just... I can't fathom the anxiety. Man.,nervousness
you can tell she's insanely insecure by her body language and they way she poses for pics.,nervousness
Yea I saw that...had me worried for a sec but I had no trouble at Delta,nervousness
"Honestly, this would creep me out a bit.",nervousness
"I have, and now that you mention it, I think that's what triggered my nostalgia. ",nervousness
I feel bad for that other little girl that was the only one not to get a puck,nervousness
"It was a painful cringe, too. Are we masochists?",nervousness
I was so worried for the kitty the whole story.,nervousness
If nothing was said and you can be engaged all day tomorrow then I wouldnâ€™t worry.,nervousness
I will not being awkward if I am being myself but I just scared,nervousness
I just bought myself a Bears pullover starter jacket. 8th grade me would be jealous!!,nervousness
"I worry that as soon as VR and AR take off, it'll be the nail in the coffin and we will be trapped.",nervousness
Worried me there,nervousness
I want someone to take me to the hospital,nervousness
Iâ€™d be afraid to get high after that yo,nervousness
You know he meant Golden Gardens. You are not discussing this in good faith.,nervousness
Okay then. Please remind me again why the lack of support is death threats in my PMs.,nervousness
"those pictures of Bill are real, he's on Crashing and the way he looked in the premiere was just awful.",nervousness
"I was kinda just silent the whole time, we haven't spoken since. ",nervousness
I'm 25 and I still don't have a license. I'm terrified of driving and get anxiety every time I'm behind the wheel.,nervousness
If thatâ€™s your experience then fair enough but I couldnâ€™t have a more disparate experience.,nervousness
Mid game? I was worried it would happen to me except reverse. Hold out on this contract for another hour haha,nervousness
I'm worried that Bill throwing away a future career by running for President.,nervousness
if it wasn't him it would be someone else she's wasting her life on,nervousness
Give it time. Pain like that needs to heal just like open wounds. I really hope that you will eventually start to feel better.,nervousness
I would be creeped out.,nervousness
"I never even thought of that, just that itâ€™s the most uncomfortable way to sit in a car, especially on the driver side! ",nervousness
Seems like an odd hypothetical question to ask.,nervousness
I've removed your post for witch hunting. Please be mindful of that in the future.,nervousness
"Well what's that old saying, those who can do, do. Those who can't teach. ",nervousness
Bisexuality: Sexual tension with everyone. Somehow a much smaller dating pool.,nervousness
"That kinda makes sense I guess, but I feel like it is taken too seriously. Like if they say something homophobic that makes them automatically gay.",nervousness
They missed the irony of the original post and ran with it as if it were serious. Got tons of gold and upvotes.,nervousness
i just came to make sure she was safe cause she said her parents gone. It can be dangerous ya know..,nervousness
Probably end of February and all of March before release. I think that's what they did last year,nervousness
Iâ€™m just worried about his attitude and approach with younger players. Edit-re worded,nervousness
I am scared that I would lose potential study time by seeing him. And worse if I end up liking him too much... :(,nervousness
I would guess from multiple communities if they are trying to win the war against the other group,nervousness
Incoming 20m a year contract Bill !!!,nervousness
Because I have no self-control and I hate myself.,nervousness
"Goodness, how will Bill even defend this? Please try to validate this so I can become a muzz and you earn your good boy points from Bill",nervousness
"My heart skipped a beat when I saw this. My childhood dog looks just like them, and her name was Brandy!",nervousness
"But seriously, you're probably going to feel very sick ",nervousness
It is though. Certainly the worst Zelda game at least.,nervousness
"Snorting them might be what kept her from having a lethal overdose, snorting benzos is pretty much a waste as most of it barely absorbs.",nervousness
"Just a minute, don't hang up!",nervousness
The only flight delay Iâ€™ve had at slc is because there was too much rain at lax,nervousness
Is it weird if I said I forgot how brutal things could get? Like what happened to Bill oh my-I was appalled.,nervousness
I feel a sense of unease tbh,nervousness
With him though you're supposed to be attracted to him because that's how he was able to kill so many women,nervousness
"If an AI projectile is your biggest problem you've got bigger issues, next. ",nervousness
"Yeah I think it's up near beaches or something, I don't really go up that area ",nervousness
Get jiggy with it.,nervousness
"My heart skipped a beat when I saw this. My childhood dog looks just like them, and her name was Brandy!",nervousness
"The reason you keep going is the same as mine, I just donâ€™t know how weâ€™ll get there.",nervousness
It is liver toxic but this was given in a hospital. Liver toxicity usually results from taking too much to often.,nervousness
"If thatâ€™s true, and Iâ€™m inclined to agree, term limits are a bandaid on an open chest wound. ",nervousness
"Im reaching that age where some of my friends getting married, having kids, making 6figures and going to jail...",nervousness
Or you just get rejected and then not murdered and your anxiety worsens until you can no longer approach women or even men.,nervousness
Help me Bill I'm bully in high school for no reason.,nervousness
"My dosage was increased 2 weeks ago and I've noticed the issues getting worse. With your comment, I'm really leaning towards them being side effects.",nervousness
That is an exceedingly rare failure. I read an article about this guy. He was just stupid and stopped there.,nervousness
Also stay hydrated! That was a mistake I was constantly making too,nervousness
This sub is so edgy,nervousness
"You can read online if you want. I don't recommend it, but you can.",nervousness
It's in case he suffers from amnesia and forgets his name.,nervousness
The problem is that when Bill comes back were going to have 9 defensemen and the only one you can send down is Bill.,nervousness
"The fact that you are questioning it, makes it even more worrysome. ",nervousness
I always get concerned when I see Nono standing at the stove or being instructed to pick Milania up from demon spawn practice.,nervousness
"This is going to end in absolute tears, the days of hoofball dominating the Championship are long gone, you actually need to play football to get anywhere.",nervousness
"I know he will be, I'm just nervous. His face is just going to be so sad ğŸ˜¢",nervousness
it's been like this for a couple hours now and still not fixed,nervousness
"Itâ€™s not so much the heat, itâ€™s the humidity thatâ€™ll kill you.",nervousness
This made me cringe so hard,nervousness
This would make me sick.Getting cucked by bayern on and off the field.,nervousness
Based on that cars wheels it is now very tired.,nervousness
"Honestly, that would be my nightmare, Iâ€™d rather keep Bill another season and draft a new QB in 2020 instead ",nervousness
I've never heard him say this... News to me,nervousness
SF makes a little more but it evens out with Seattle once you figure in CA state income tax and SF cost of living. #savedyouaclick,nervousness
"There you go, the familiarity was nagging at me",nervousness
OW MY LEG!,nervousness
This is the kind of question that gets me more concerned on this sub,nervousness
Makes sense as Bill was out the last 5 games. The first 8 of the season Bill was sacked or pressured on nearly every dropback.,nervousness
So looks like it was gang violence?,nervousness
More worried about the multi-trillion dollars in entitlement programs than 5$ on a wall.,nervousness
The Babylon Bee article makes me worry for Bill comic tastes.,nervousness
Sounds like heâ€™s just cheating on you...,nervousness
"Birth Control or Condom. With this ""right moment on her cycle"" bs you're probably not going to be ""Bill"" in the near future.",nervousness
They did and he is going to be extremely difficult to feel much empathy for him.,nervousness
Can I get a link to the discord? The pinned post isnâ€™t working for me,nervousness
I hope he isn't scared to over power the thibs guys on the coaching staff. It seems like he is a hestitant to make any major changes.,nervousness
It's really odd. My friend's search results are still normal but mine aren't,nervousness
I'm 25 and I still don't have a license. I'm terrified of driving and get anxiety every time I'm behind the wheel.,nervousness
"My darling, have you bowed down to worship the ancient one yet? We are very worried. ",nervousness
This is how I feel when I use a crosswalk on a busy street,nervousness
"Second this. I have an anxiety disorder that has resulted in me never working a job, but my career is making YouTube videos self employed atm. ",nervousness
My name is Bill too. It's so strange hearing my favorite bravolebs say it on TV.,nervousness
>But a leader who strikes fear Like when people were worried Bill might murder them?,nervousness
Saw this on the front page and that was the only thing i could think of!,nervousness
That's how I used to feel but contracting oneitis added a heaping shitpile of loneliness and agony on top,nervousness
"> I also could care less Back to school, again.",nervousness
"I fucking change my mind, something wonderful has happened! Please don't make me go dead, tomorrow.",nervousness
"Reddit is being way too forgiving of Bill for some reason, it's an odd nerve that I've touched here apparently but keep the downvotes coming. ",nervousness
I ride our half-orc barbarian by clinging to his back. He hasn't seemed to notice yet.,nervousness
Illness,nervousness
My babyâ€™s vaccines MADE ME shake him!!,nervousness
That's gotta cut deep!,nervousness
"That's why you stand holding your card in one hand and tapping it on the other, to make it obvious you're impatiently waiting",nervousness
I rolled my eyes so hard I think I just saw my brain,nervousness
"Oh, gotcha. I have a friend with unipolar depression who does have memory issues, so yes, that can happen during depression too.",nervousness
That doesn't look too bad.,nervousness
"Yup, I'm sick with a mild cold",nervousness
Tough scene for Bill,nervousness
this comment made me very nervous,nervousness
"yup today hit me extra hard since im unemployed. i feel like im not meant to work, or meant to do anything really!",nervousness
Stop doing weird things,nervousness
More worried about the multi-trillion dollars in entitlement programs than 5$ on a wall.,nervousness
Might get in trouble with the mother for assuming she's single though. This has happened to me when using miss.,nervousness
Osaka making me nervous,nervousness
Dont worry i am also broke like sh@t. Keep your head up :),nervousness
"As soon as he was about to jump I audibly let out a â€œdude, just donâ€™t..â€",nervousness
"I failed with my play on words. Oh well, can't win them all",nervousness
It's just an edgy 12 year old's creation.,nervousness
No no! I meant it in a positive way. The emotional rollercoaster of the photo album.,nervousness
Classic Trap game... I'm nervous. Hope our boys aren't hungover.,nervousness
It's better for the future to suck and draft top 5 than be mediocre and draft 12th?,nervousness
Ya ikr. Iâ€™m tired and idk how to take whatâ€™s goin on.,nervousness
I have no idea if this is sarcasm...,nervousness
I have vision issues already and I kind of freak out without sound. I'm gonna have to say blind.,nervousness
I'm a poker pro I'm a pro at my job so I can lose money at poker,nervousness
"You can't control if you're nervous or not, but just know that you will absolutely be judged for it. Consciously or subconsciously.",nervousness
"Guess we don't need to be afraid of hell, then, 'cause we can easily get out.",nervousness
I'm getting worried,nervousness
One wrong kick can end oh so horribly,nervousness
I'm not worthy to watch this haha,nervousness
I would love to get microblading but its so iffy about if itâ€™ll be good or not. Iâ€™ve seen a lot of terrible turn outs,nervousness
Done it since I was a kid I was very edgy,nervousness
Iâ€™m battling depression and anxiety and having a healthy diet and loosing weight has helped me,nervousness
Itâ€™s harder when you have kids with the partner.,nervousness
"I'm worried he's too small. I love his quickness, but sub-170 is scary for a guy that'll be running over the middle.",nervousness
"You could notice he was a little bit nervous, i think that was the main reason for his way of playing in this game.",nervousness
Worried it will be taken off the table?,nervousness
Buddy I think you may have been wooooshed..,nervousness
And with the employee says â€œwhat coworker? Iâ€™m working alone today.â€,nervousness
"My 35kg ball of quivering nerves, which I am currently wearing like a tea cosy, would like to register an objection. ",nervousness
"I've been putting off scheduling a dental appointment for a week because of this, I'm just too anxious to pick up the phone and dial. ",nervousness
Those scars look fairly recent. Just remember no matter what there are people who love you and will support you unconditionally!,nervousness
"I forgot context and thought you meant the band was republican, please donâ€™t worry me like this again ",nervousness
Happens to me sometimes too in certain scenarios. Its frustrating especially when you're banking on it deflecting something.,nervousness
Iâ€™m just worried about his attitude and approach with younger players. Edit-re worded,nervousness
"She also spoke out quite angrily about ""Obamacare"" until she needed it due to her high risk pregnancy. She's remarkably hypocritical.",nervousness
"I gotta say, that was a WELL fought period. I was worried a couple times...",nervousness
delusional about dread being a scam (don't know how this would work) and more of these conspiracy theories with zero proof/,nervousness
But at least you know where you stand with a restraining order. At least 1000ft away.,nervousness
Well it very well could be your drug usage. You could be depressed also. So stop doing drugs and see a therapist.,nervousness
"I'm underweight anyways, somebody hand me an English to (whatever language) translation book.",nervousness
"Itâ€™s good to see that all the Bill are relatively old, meaning they will all eventually die out.",nervousness
Iâ€™ve massively improved but it never really gets cured. There are always situations that will give you anxiety.,nervousness
"In the 50s my aunt was 6 weeks old when a flu virus caused inflammation of the heart and she died. So there's that, too.",nervousness
I pray in the space I have inside my truck :),nervousness
Big OUCHIE!,nervousness
This. It seems he's undoubtedly Bill preferred option.,nervousness
ssssssssssssssshhhhhhhhhhhh just give this one to me it's been a weird day,nervousness
"Matinee games always scare me, but I have confidence in this team. LGI!",nervousness
Weird that it wasn't included in the article.,nervousness
"Late-stage Reddit. I'm afraid it's malignant, there are only palliative care options available at this point.",nervousness
"Spoiler: you might be depressed, go find out if you are, then come back.",nervousness
"Yeah i miss lectures for this exact reason. Its pretty bad, but what can ya do :/",nervousness
Just imagine Disney characters without gloves. Yes it's that horrifying,nervousness
It should go well with kratom anyway. I need to just eliminate anxiety and not have cravings,nervousness
Oh no he didn't!,nervousness
"Well I can feel it was mentally hard bringing myself to go full Bill and shit talking prior to the plate, but this is some cutting edge analysis.",nervousness
i just came to make sure she was safe cause she said her parents gone. It can be dangerous ya know..,nervousness
"Hey fellow conservative, you seem concerned. ",nervousness
Somehow this hurt more than the Saturday game.,nervousness
Oh Bill no.,nervousness
It literally just happened. I'll talk to them when I get a chance but my heart dropped for sure.,nervousness
You're all insane.,nervousness
"Same thing happened to me but for my dog, stocking up on noodles tomorrow to get through the next month. ",nervousness
"60 young men standing around... ""Look out that old native dude is coming right at us... DEFENSIVE POSITIONS SHIELDS UP!""",nervousness
It should go well with kratom anyway. I need to just eliminate anxiety and not have cravings,nervousness
"> salt rifles. but then how will we kill the flies??? /s im sorry, I had to.",nervousness
I was trying to make a friend that was being a douche jealous by telling him I was having a 3 some. Accidentally messaged it to my father.,nervousness
I used to feel like this. Thatâ€™s a mental illness man,nervousness
You ain't wrong,nervousness
And then what would The Bulls do if he says he won't be the head coach anymore? Put an assistant in there?,nervousness
"This comment is basically 10 words of â€œI didnâ€™t read the article!! But boom, Iâ€™m edgy afâ€",nervousness
this comment made me very nervous,nervousness
A jerk to *us* because we didn't get to see either of them get face-pied. XD,nervousness
Yea I saw that...had me worried for a sec but I had no trouble at Delta,nervousness
I am. He's the easy pick. Would be perfect for this franchise. I'm worried that he won't make it to us.,nervousness
Living is exhausting.,nervousness
the socially weak kid who is also: - neurotypical - not too short - not too ugly so basically a normie,nervousness
"I was once married and now I live alone. Some weekends, I donâ€™t speak to anyone and donâ€™t go out. Pure heaven. ",nervousness
Fuck i know. I'm so worried for girls like me growing up now.,nervousness
Well thats survival sweety. Run away live to fight another day. You on the other hand are the one that learns the hard way and ends up dying first!,nervousness
Everytime I confront her about she gets super pissed and things Iâ€™m â€œoverreactingâ€.,nervousness
And our bishops will take his side. We're surrounded.,nervousness
Canâ€™t stand that dwarfism Bill she is so cringe,nervousness
The fact that they're flying their drone in the rain gives me anxiety.,nervousness
"It depresses me that the Carousel revamp has been a popular answer. Thats not a change, that a sliding scale adjustment.",nervousness
"I'm not ready, I'm not ready, I'm REALLY not ready.",nervousness
They could have used the explanation of E-2 people vibrating at a different frequency. At least thatâ€™s previously established.,nervousness
I can feel his cheeks puffing out.,nervousness
"Everytime I see something in this sub that looks sharp, I get very worried. ",nervousness
are they worried their dog will get autism or something?,nervousness
But now we're stressed out.,nervousness
"I am on month 9 post discard. The anxiety has lifted tremendously, and the depression is still looming but not as bad. ",nervousness
"No. Hell no. It's ""anxiety"". When needed for medical notes and such my doctor will also write anxiety. ",nervousness
Just got a bit worried because it's always showed up instantly for me before,nervousness
"We had the chance, but never made the offer last year.",nervousness
I just had deja vu reading this comment. Weird.,nervousness
What bothers me more is the picture quality of the donut compared to the steak,nervousness
"Oh Bill, oh no, no no no",nervousness
We're in this together! Pandora's box has been opened! There is no turning back!,nervousness
I'm sorry *what*,nervousness
"I have no idea what's going on, but I hate when people surround the car like that. ",nervousness
You have mental problems dude. Get off the internet and get a life.,nervousness
By the end I was I hysterics. Not a single reply from the wife too.,nervousness
Iâ€™m having a counseling this weekend ... nothing to be scared.... just tell them about your feelings and what are you worrying about..,nervousness
I didn't believe it until I saw a video with creepy music. CREEPY. MUSIC. That's when my eyes were opened.,nervousness
"Iâ€™m anxious, heâ€™s shy. Weâ€™re both teenagers and from what I understand his parents wonâ€™t let him have one",nervousness
we were frauded the whole time about how pure she is. turns out she's actually trash.,nervousness
"Itâ€™s so weird, I think itâ€™s like excited/stressed? ",nervousness
i can relate heavily to this,nervousness
The dude was absent in the Ohio State game... IDK I would be very worried if he was the pick.,nervousness
I didnâ€™t know it was that serious ğŸ˜ª,nervousness
My friends that were badly injured from the first fight. Read my backstory comment.,nervousness
This stressed me out,nervousness
Yeah for me it takes me weeks to get over s relapse,nervousness
"I forgot about the ""perks"" of a growing subreddit.",nervousness
Even in the offseason we canâ€™t escape the injury bug :/,nervousness
so she's not only stealing kids but fingering her cousin as well? She's pretty wild,nervousness
"This is like aliens coming to this planet, taking you in as a pet, then surrounding you with mannequins. Iâ€™d be freaked out too. ",nervousness
"Let's be real, there's very little Rush has done that isn't one of the best of whatever that thing is. Except possibly 80s hair. ",nervousness
I dont know.. i did message him many times but he didnt reply me.. i am worried about him. I asked his mother about him,nervousness
Just got a bit worried because it's always showed up instantly for me before,nervousness
"Yes, once I even deleted my account because I was so nervous about down votes. Lately,every once in a while I comment encouraging good attitude.",nervousness
Worrying what other people think is what collectivists have brainwashed you to think and feel. You are just a coward making excuses for your cowardice.,nervousness
"Yeah, I was thinking my boy was into them before that. But I doubt Panic! At the Disco would have peaked his interest.",nervousness
"Holy bait-and-switch, Bill. Iâ€™m so sorry, that has to be incredibly stressful to have to be around and deal with.",nervousness
"Or what Midnight's players should have requested. Midnight are now in the driving seat, the players have 0 control ",nervousness
I understand just so hard feels like Iâ€™m being thrown away like trash I donâ€™t want to imagine a life without her in it,nervousness
"Yikes, not good. If you can afford it I suggest getting out of dodge as quick as you can.",nervousness
Disappointed Bill is not on it. He's leading the league and has a quick release.,nervousness
"Did you hear the reason for this? Because they are concerned about inventory, initially. ",nervousness
It literally just happened. I'll talk to them when I get a chance but my heart dropped for sure.,nervousness
"Bill you sound like my father, I feel sorry for you",nervousness
Bro he has always been a bully in the community. He is a pseudo scientist.,nervousness
My nuts hurt watching that second part,nervousness
He still has less health than Bill despite being slower and bigger and literally revolving around trading.,nervousness
Hyelp! There's been an accident!,nervousness
Tanks being strong is the reason why ADCs get buffed.,nervousness
Nets and Yankees for New York teams. I don't follow Hockey. New York football when I became a football fan was so terrible I couldn't handle it.,nervousness
I am getting so nervous watching this,nervousness
Please no hate itâ€™s my first post bro please,nervousness
this literally made me sick to my stomach,nervousness
My stress levels are really too high. Let Tuesday bring some good news...,nervousness
You didnt even ask the parents if they agreed to let him in the back?,nervousness
#PLAY Bill I miss that :( baseball plz come back,nervousness
My Bill hubris on display. No wonder Bill won.,nervousness
Confidently guessing how the INTP acts to things wrongly can really trigger them. I remember when a friend called me bias and I started acting up a ton.,nervousness
Hey leave me and my 11 year old Thai wife out of this.,nervousness
God Bill is awful,nervousness
Sorry man. Didn't realize I was talking to a Russian spam bot. Please give my best to Bill.,nervousness
"To whoever entered a flamewar with me a few months ago for saying Bill was dangerously underweight... Yeah. That ain't ""healthy"".",nervousness
Spoken like someone who has never faced off with a gorilla with a gun.,nervousness
Careful we donâ€™t talk about that here. Iâ€™m enjoying a ban from LegalAdvice lmao,nervousness
I was told ignar was going to be awful by this sub.,nervousness
"Typical left, calling people Bill just so they can hate them",nervousness
Imagine being the assassin who could boast that he killed a president with a shot to the genitals.,nervousness
I heard the ostrich was sick.,nervousness
"She might die before then, risky move either way.",nervousness
"Bill, I guess you are the one who got whooshed",nervousness
I'm still worried about Bill though :(,nervousness
"ya man I could even have schizophrenia according to the doctor.pray that i dont brother,id rather be dead.",nervousness
"Really? Hey mods, I have this pain in my lower back just about _here_.",nervousness
Makes me want to break out my 'learn to use my SLR properly' resolution again.. more time commitment tbh. Great shot.,nervousness
"You think that hearing deathcries is **funny** ? Personally, hearing cries of pain and dispair don't cause me enjoyment, but I guess I'm a weirdo.",nervousness
Hard to get motivated to play when the fans are burying one of your teammates.,nervousness
I just physically *shuddered* at the idea of redoing middle school..,nervousness
Intentionally frightening the Queen is an indictable offence. (Max 14 years) Criminal Code,nervousness
"To this day, I get nervous reading anything with Bill name in it",nervousness
I'm kinda the opposite. I always look dour and sad even when I'm not...,nervousness
Bill Late Registration my favorite and Gone my favorite song even though it's hard as fuck to choose,nervousness
Bill came a long way since the nervous wreck he was the first year. or.. two.,nervousness
"I am on month 9 post discard. The anxiety has lifted tremendously, and the depression is still looming but not as bad. ",nervousness
the last minute of game time lasted 15 minutes.,nervousness
I am practicing an speech for tonight when he drops by to see my dad. I am every level of nervous.,nervousness
Yeah some kid in a BMW ran me off the road. I didnt just crash had some help.,nervousness
Bill was damn near 293 hoopin? Im dyin.,nervousness
Edgy bro.,nervousness
"Bill and Bill not being signed yet is getting on my nerves, am i alone in that?",nervousness
Edgy bro.,nervousness
"""You might feel some slight discomfort""",nervousness
I'm so nervous!,nervousness
I know how you feel :( I hope you start getting more good days soon. <3,nervousness
Bill they need a union so badly.,nervousness
"Oh, their theme gives me anxiety.",nervousness
I always get concerned when I see Nono standing at the stove or being instructed to pick Milania up from demon spawn practice.,nervousness
"Bill doesn't even like sex. Remember, you said it feels like getting tackled by a skeleton.",nervousness
Yeah that's where I think the problem lies. It's that I don't really want to be open to others.,nervousness
same but with panic at the disco,nervousness
I don't bother diagnosing it in people with BPD. The handful of genuine DIDs that I was referring to were people who didn't have BPD.,nervousness
I'd feel better if the dude in the video didn't have a gun.,nervousness
"Idk if I skimmed over it 3 times or what, it doesn't say why he did it. But I guess we'll never know?",nervousness
I've never been so bored with so much money on the line. I am numb now.,nervousness
I thought I was the only one. And going insane.,nervousness
So in other words you donâ€™t have one? So much for attempting to be on the same page.,nervousness
"Well I can feel it was mentally hard bringing myself to go full Bill and shit talking prior to the plate, but this is some cutting edge analysis.",nervousness
"Really worried about NISA translating it, but at this point I don't care any more, as long as we get an english version of it.",nervousness
Iâ€™m that skinny and have so much trouble gaining weight,nervousness
"Dont worry, as you get older that will stop working or possibly even cause anxiety. ",nervousness
Right. I am more focused on the length of the relationship vs their age.,nervousness
I'm getting worried,nervousness
Disinfected or sanitized maybe. No way an entire exam table is sterilized.,nervousness
I already called the county I got married in trying to find out about it but they had nothing on either of us about a divorce.. Im so anxious.,nervousness
What's really sad is that Bill wants to outlaw gay dads. I'm literally shaking.,nervousness
I understand just so hard feels like Iâ€™m being thrown away like trash I donâ€™t want to imagine a life without her in it,nervousness
The one that is a sentient being; the one that's most affected.,nervousness
"Someone commented that it's like that friend who constantly talks about their ex, but insist they're over them.",nervousness
"Iâ€™m an anarchist, I donâ€™t know how to read",nervousness
I swear every wraith I went against camped.,nervousness
That has nothing to do with guys that just started with us this or last season.,nervousness
"Really worried about NISA translating it, but at this point I don't care any more, as long as we get an english version of it.",nervousness
"Nowadays I get nervous watching Steelers defense. Back then, I couldn't wait to see what they'd do next.",nervousness
I'm more worried about it randomly saying daddy across the top ... Like that's normal,nervousness
I came here to tell you that this wins this sub and Iâ€™ll never be able to finish reading it.,nervousness
"I feel like I saw this literally last week, these reposts are getting adventurous lads ",nervousness
I'm still worried about Bill though :(,nervousness
Having met Bill wife (figuratively)... I reckon Bill is a bit of a monster...,nervousness
I always worry about my facial expressions. You're not alone there.,nervousness
The woman types like she isnâ€™t a native speaker of English. Which worries me immensely.,nervousness
I have trouble even remembering what true happiness feels like,nervousness
Demonize - to portray as wicked and threatening. It's not hard to demonize someone when they regularly demonize themselves.,nervousness
"Depends on the drug. Weed makes me antisocial and when I'm in public, I feel paranoid and I feel like everyone knows I'm high.",nervousness
Puppies in 95% of cases. Sorry but some dogs are ugly no matter how old they are.,nervousness
Nervously laughs in anxiety,nervousness
I know I am very worried,nervousness
It makes me super fucking nervous edit: was able to buy temple at +1 fuck it lets ride,nervousness
Bill I almost couldn't finish reading this because it is me to a T.,nervousness
"I know he will be, I'm just nervous. His face is just going to be so sad ğŸ˜¢",nervousness
It's because you're dizzy from lack of oxygen.,nervousness
Imagining doing something this drastic all alone is just... I can't fathom the anxiety. Man.,nervousness
Bill needs to slow things down there.. ffs,nervousness
Do you find yourself depressed a lot? I feel like depression comes out of boredom.,nervousness
I thought he cited heart issues at Florida,nervousness
oh thats rather weak then. kmt thought they would know better. its a reactable headbutt.,nervousness
Itâ€™s probably down to low player base.,nervousness
a lot. It's like I'm witnessing firsthand all of the unpleasant symptoms of being pregnant,nervousness
I think the dog is mostly worried about being fed and let outside when the last of the humans stop coming home.,nervousness
I'd worry about traffic more than the TSA.,nervousness
Based on that cars wheels it is now very tired.,nervousness
I actually want to die rn. I don't want to watch the SB but I know I'm going to.,nervousness
In that I should not have posted it or it's just really blatant,nervousness
I canâ€™t wait,nervousness
Bill was autistic BOOM,nervousness
"Probably because its likely, unfortunately. The question is what happens next for people that are obsolete.",nervousness
This is horrible... One of my worst nightmares actually.,nervousness
"Im not a brexiter. In fact, this is my concern with a second referendum. I'm worried that remain will lose.",nervousness
Still is glitched to this day.... sad,nervousness
Just get him out of my sight Iâ€™m tired of losing and those who contribute to it,nervousness
No response after a week? That's something to worry about.,nervousness
Yeah well first god says itâ€™s an abomination. Also if people find out everyone will hate me and my parents will be extremely angry,nervousness
"The one thing I worry about is that the 9-5 ""window"" is keeping employers from demanding workers be on-call 24/7. ",nervousness
It should go well with kratom anyway. I need to just eliminate anxiety and not have cravings,nervousness
He's so intimidating...,nervousness
"Other than family, I neither remember the last time I got a compliment ",nervousness
Feeling insecure now,nervousness
"It's probably more like when the only tool you have is a hammer, everything looks like a nail. I'm so sick of this paranoia.",nervousness
Glad I ended my shift early to go relax and gamble at a casino... I had been having some issues since yesterday.. having to close app/restart to advance,nervousness
I'd worry about traffic more than the TSA.,nervousness
"I worry that as soon as VR and AR take off, it'll be the nail in the coffin and we will be trapped.",nervousness
This guy looks like a creep..... that other girl isnâ€™t interested at all.......,nervousness
It gives me a weird feeling as someone not named Bill. It's a very heeby jeeby inducing phrase.,nervousness
"oh that's cool, I didn't know they already got sick time. It'll help a lot with retail workers who get dicked by shit scheduling ",nervousness
same but with panic at the disco,nervousness
Hey! Your mom sucks.,nervousness
"Sorry, Iâ€™m just so hungry right now ",nervousness
"When I get a brain freeze, I grab my chest and throat. Very painful. Then i keep eating. ",nervousness
Apparently reality is a simulation and the programmers are messing with us at this point.,nervousness
You made eye contact. Or flinched. Or were just alive and walking down the street.,nervousness
"My first day with them off was quite anxious, but it got better!",nervousness
You're right to be nervous. That happened near my college's campus when I was a student. She lost everything in her wallet.,nervousness
"It's a god awful feeling. It's changed me a little, but time heals wounds.",nervousness
I live in those unfortunately,nervousness
When I drove refers I was always afraid this would happen to me. I always shut my doors I'm just a worrier,nervousness
Had surgery at 3mnths old to fill a pinhole in my back (spinabifida) Cutting myself after some severe postpartum depression,nervousness
"Yep, whole different story if mom finds her favorite vibrator buzzing on the floor still.",nervousness
Iâ€™m so nervous!,nervousness
"Hey, I just shared the tweet with the quote. I don't know about all that",nervousness
"You have to drink 25 beers in a row to unlock them though, so they're pretty hard to get without cheating.",nervousness
"I'd be worried about the tone, not the content.",nervousness
Holy shit theyâ€™re already in the bonus,nervousness
I was trying to make the point that the patient is still having a seizure; it's just not visible because they are paralyzed.,nervousness
I am. He's the easy pick. Would be perfect for this franchise. I'm worried that he won't make it to us.,nervousness
"Iâ€™m keeping my middle name, I somehow feel no dysphoria having the middle name Bill while having major dysphoria for having the first name Bill.",nervousness
"Hey, I described you in the OP! Everyone's doing it so you have to too, otherwise *you* feel like it's unfair.",nervousness
A crappy situation... Man oh man...,nervousness
"Wow, the menacing head shake...(shivers) ",nervousness
Iâ€™m not worried about the Hurricanes enough to justify rooting for the Rags.,nervousness
"hmm... we don't need Bill now, we need ball retention",nervousness
I cant wait until /r/fuckthealtright is labeled as a Neo-Nazi group. That'd just tickle my pickle.,nervousness
Bill? I really want to but never have. I hear it can help with depression a bit.,nervousness
Acne scars unfortunately and also out of anxiety I tend to pick at my skin.,nervousness
Worried it will be taken off the table?,nervousness
Bill in AHS Roanoke takes that spot for me. Bill was painful to listen to,nervousness
Same.. If I'm particularly stressed out someone just walking down the same road as me feels like they're invading my space.,nervousness
Thing is...it's the media the masses take in that is driving this anxiety Bill or AP reader isn't falling for this,nervousness
Bill damn I need a cigarette now,nervousness
So word is we have eyes on Bill... I would be pretty amped to see him with a Jet on his shirt.,nervousness
This is so unsettling.,nervousness
Your age difference is incredibly creepy.,nervousness
The bot did its job. Itâ€™s me the awful one,nervousness
Iâ€™m scared to fall asleepâ€”â€”-,nervousness
"Dont worry, as you get older that will stop working or possibly even cause anxiety. ",nervousness
"Which part of what I wrote sounds like a baseless claim? Could you clarify me, please?",nervousness
You should see a therapist if itâ€˜s affecting your life or your mental health that much.,nervousness
One wrong kick can end oh so horribly,nervousness
"Oh, their theme gives me anxiety.",nervousness
Worrying what other people think is what collectivists have brainwashed you to think and feel. You are just a coward making excuses for your cowardice.,nervousness
I'm worried he choked to death before he could finish the sentence.,nervousness
Poor eyes. Canâ€™t even see and is sent to the trunk.,nervousness
I'm so nervous!,nervousness
Y'all taking this way too seriously...the point is they're both fierce.,nervousness
Practice your speech before hand. In your head and in the physical world. Then keep doing it until it no longer scares you.,nervousness
"I bet you thatâ€™s what will happen, which pisses me off.",nervousness
Iâ€™d be verrrrrrrry nervous if we hired him. Would love him as an OC tho,nervousness
"I'm hoping it's more statistical noise at this point still, but it's definitely worrying.",nervousness
"Really worried about NISA translating it, but at this point I don't care any more, as long as we get an english version of it.",nervousness
In my opinion at night peds have just as much responsibility of being seen as drivers have to see.,nervousness
Because itâ€™s a lot for someone to handle and i havenâ€™t had any outbursts etc that wouldâ€™ve resulted from that,nervousness
"as much i like those posts, for depressed people it often isn't that easy!",nervousness
That's a bit tricky to pull off,nervousness
This was potentially the most dangerous stunt I have ever seen someone do. One minor mistake and you die.,nervousness
"Bill also slept with his dads mistress, Bill is weird",nervousness
"As a teacher with a bunch of sick students, this scares the hell out of me.",nervousness
"I didn't have the strength to finish this, had to go watch some cringe videos to wash this bad boy out of my brain.",nervousness
I feel a sense of unease tbh,nervousness
Are you top or bottom? I need to go under you real quick I'm gonna need you to take him on bar,nervousness
Bill was autistic BOOM,nervousness
"Halep just canâ€™t handle Kanepi, #1 is about to be wide open",nervousness
"No particular sauce, I'm just kinda tired of having to search that tiny lil speck of pan for at least 2 minutes before I find it.",nervousness
This is the sort of unpunished obvious flamebait trolling that people are upset about. Of the sort also consistently delivered by Cylinderhead and Bill.,nervousness
"just realized the pic is unrelated kinda, whatever though. proud of me despite my anxiety about puttin myself or there ",nervousness
OW MY LEG!,nervousness
"Not sure about OP, but caffeine tends to make many people more anxious (especially those with a co-morbid anxiety disorder(s)).",nervousness
That guyâ€™s heart must be more broken than Bill when he had the heart virus,nervousness
"Ah. Yea, the classic loner looking for compliments. Seems pretty edgy",nervousness
"Another bad essay by me, sorry for butchering anarchism, anti-ableism and anti-psychiatry but I hope I got the point across :p",nervousness
Seeing people overtaking on the right makes me anxious.,nervousness
That's a bit tricky to pull off,nervousness
This isn't cringe at all. He's making a joke.,nervousness
I am so sorry to hear about your wifeâ€™s tragic injury.,nervousness
I'm so tired I read anti neurons as anti lemons for some reason,nervousness
"Your paranoia over it seems schizophrenic to me. Just in case you are not, please elaborate on why this is important to society.",nervousness
Those are literally the only possibilities.,nervousness
Done it since I was a kid I was very edgy,nervousness
That actually gave me goosebumps. This is all the communication we need.,nervousness
"My wife is a Bill nut and I'm the Mets fan, this broke her.",nervousness
Boy you sure can make some word vomit. You must be scared all the time to have such pessimistic views of people.,nervousness
*dramatic anime gasp* impossible!,nervousness
"They're corrupt, but in the legal ways.",nervousness
Is a really worrying bench,nervousness
"Quitting porn only helped with my performance in bed, other than that Iâ€™m still anxious as hell in social spots ",nervousness
"When Sub-Zero is revealed to have red accents, we will officially have a problem.",nervousness
"In our society it is more shameful to pay for sex, do drugs and to gamble than to praise the death of innocent innocent victims.",nervousness
"Only when I started to suspect I was shadow banned, so like a couple days ago. Apart from that no.",nervousness
"Oh no, my secret identity as a neurosurgeon/entomologist/radiologist/anesthetist/dentist has been discovered! I knew I should have given less detailed medical advice online! D: ",nervousness
Just hearing that thing's carapace sliding around and it's feet hitting the ground would make me vomit.,nervousness
"That sucks, I hope you find the finances to be able to go back to it someday.",nervousness
"To this day, I get nervous reading anything with Bill name in it",nervousness
Describe these demographic changes plz. If you own the shops you decide what people eat.,nervousness
You're right to be nervous. That happened near my college's campus when I was a student. She lost everything in her wallet.,nervousness
I didn't know of Bill before I saw that episode. I fucking love that man and have watched an unhealthy amount of him since.,nervousness
Well you needn't worry about it I won't be coming back to that floating turd you call a country,nervousness
"I am on month 9 post discard. The anxiety has lifted tremendously, and the depression is still looming but not as bad. ",nervousness
Weird I'm short and have anxiety and depression and somehow I'm not an incel.,nervousness
"I think my worry would be if another dog attacks mine, they wouldn't be able to defend themselves",nervousness
I used to have anxiety when calling people but I no longer have them at least just 20-30% anxiety.,nervousness
There's definitely something sovcit going on here.,nervousness
Somehow I got banned for replying to a troll. The mods over there have itchy trigger fingers.,nervousness
The spouse sponsors them to guarantee that they are not a burden to the state. Nothing about this is related to committing a crime.,nervousness
96.6 and 94.6% capacity on average for the OF. That's insane.,nervousness
Have you told him you aren't 100% ok with it? It sounds like you're regretting this decision.,nervousness
I donâ€™t understand the point youâ€™re making sorry,nervousness
"Oh my god, I'm so glad this wasn't just me. I thought my YouTube was broken!",nervousness
Yikes that made me tense up. Not sure I was breathing. 10/10. Very painful looking,nervousness
...and today will be like any other day. We aren't here to interfere with you.,nervousness
"I really can't remember the last time my mind was this blown by an OP on this sub, and that's saying a lot.",nervousness
Here comes a dildo... Hope it's not a crusty one...,nervousness
>!Bill get the crossbow before it's too late he can't breath oh Bill please hurry im shaking and crying rn!<,nervousness
5 hours late!!!!!!!!! omg.,nervousness
I use one every time I park and you just replied to me. so this is a bit awkward.,nervousness
Hurr durr everyone needs to worry about other peopleâ€™s problems,nervousness
You are nervous. Just focus on the other stuff my dude.,nervousness
this made me stop subconsciously breathing and now I can't stop thinking about it,nervousness
Precisely why im closeted :(,nervousness
I used to have anxiety when calling people but I no longer have them at least just 20-30% anxiety.,nervousness
"Shit like this is just depressing. Not surprising, but still depressing.",nervousness
When I think about Bill and Bill at the same time I get a fucking aneurysm from the stupidity.,nervousness
Please dont put words into my mouth.I never said rape isnt a problem.,nervousness
Complete opposite for me. I lied about being at a friends how while I was sitting there talking to my recruiter.,nervousness
Feeling insecure now,nervousness
Still depressed but I didn't run away so it cool,nervousness
Only 22? Weak.,nervousness
He's also a chaser and is convinced that shouting at someone is an escalation from a shooting spree. He is incredibly dumb.,nervousness
*oh gosh oh frick,nervousness
I agree with the last statement but apparently I'm also bad at matching pokemon to rep :(,nervousness
"Shit, I lost the original page. Please forgive me.",nervousness
"This was a floating barge of bullshit bound to ignorance, which is headed for a recycle bin on my desktop.",nervousness
That's when you slow down and engage troll mode :)),nervousness
You clearly don't have a clue about Bill career so don't start worrying about it now.,nervousness
"Oh damn, itâ€™s gonna hunt me down. ",nervousness
"I know, i read that previous post. Im just worried about your parrot getting injured because of that woman :/",nervousness
When it goes bad,nervousness
"Always. And on a shallower note, he is aging so well, the handsome devil. ",nervousness
Nothing says â€œI peaked too soonâ€ more than a class ring.,nervousness
That has gotten me killed a few times lately.,nervousness
Bill dude Iâ€™m sorry. Thatâ€™s their problem now. Bump some Bill and keep moving forward.,nervousness
"Oh, their theme gives me anxiety.",nervousness
How comes when Chinese companies help build infrastructure in Germany it's a terrible risk to their sovereignty yet this is fine,nervousness
the problem is that it's arbitrary. USA already has too high standards for immigration,nervousness
Iâ€™m kind of scared to talk to my manager about it,nervousness
Been getting this same feeling these days.. idk what it is I just have no drive anymore maybe once the cwl comes back itâ€™ll help,nervousness
And she will try so be careful op,nervousness
Willing to get with someone manipulative and knowing this just to get some ass. Seen that a lot.,nervousness
"In winter, it's SO difficult for me to cope when I had been thinking of getting one but donâ€™t know what they are doing.",nervousness
I'd imagine they're mostly fakes. You'd be uncomfortably warm in a real CG Parka in our climate.,nervousness
"Sure glad I wasn't coming the other way when this twatwaffle decided to try his ""watch this sick drift, yo"" stunt.",nervousness
In shock and was more concerned about my kid tbh. Now off course I wish I'd sued the arse off her for emotional distress.,nervousness
My whole lifeâ€™s been a lie,nervousness
Poor dva keeps getting nerfed because she works well with every comp.,nervousness
I know but it just sucks to feel like this,nervousness
"Sure, doesn't change it being overwrought nonsense though. ",nervousness
"yeah my face goes numb in 20 degrees and lower windchill, I can't even imagine how I would feel in that!",nervousness
"I know he will be, I'm just nervous. His face is just going to be so sad ğŸ˜¢",nervousness
Incredibly frustrating.,nervousness
If they effect you differently they should be treated differently. If they both make it dangerous or otherwise.,nervousness
RED ALERT RED ALERT,nervousness
"I have this too, so don't worry. We are not crazy. Just regular humans who happen to have an anxiety issue. ",nervousness
You are gone right now probably my trip is just kicking in i took half that amount lol cuz im low you are having a hell of a ride rn,nervousness
"That's what I can't understand either, what were they expecting by knocking on the door?",nervousness
You clearly don't have a clue about Bill career so don't start worrying about it now.,nervousness
Shit musta been bad for him.,nervousness
"I can't imagine who IS, the whole thing is so cringe.",nervousness
You know itâ€™s bad when you grab the toothpaste and start reading it,nervousness
Jokes on you. I have anxiety so I do this a lot,nervousness
Just gotta injure 3 more,nervousness
Seems like an odd hypothetical question to ask.,nervousness
Autistic space AIDS,nervousness
I bet he doesnâ€™t line up for Daniels Donuts,nervousness
This stresses me out way too much.,nervousness
Outdoor cats have a lifespan of about 5 years so allowing them outside is basically a prolonged death sentence.,nervousness
Games like this are just demoralizing for our players.,nervousness
When your awkwardness only makes you even hotter.... I am not this kind of girl but look equally as awkward.,nervousness
I take it you haven't checked your balances lately...,nervousness
"I'd be careful with that, could be construed as cybersquatting which is illegal.",nervousness
"yes please, would make thing less overthinking and stressful ",nervousness
Yeah that was my bad. I was just heated after that loss and was being an ass. My b,nervousness
But now we're stressed out.,nervousness
Shit okey I think Iâ€™m ready,nervousness
not at all. Hong kong streets and roads are super narrow. I get claustrophobic there.,nervousness
Aaaaand now I'm concerned. Clearly there's a story behind this.,nervousness
I'm so gay I can't even drive straight - a bumper sticker older than most redditors,nervousness
"Sheâ€™s been in nursery for 3 years so nursery isnâ€™t new to her, but this is a new room that sheâ€™s in ",nervousness
Fuck Iâ€™m sitting in position 3 right now,nervousness
Yeah Iâ€™m so envious of Bill right now...,nervousness
The fact that they're flying their drone in the rain gives me anxiety.,nervousness
The â€œfiguring it outâ€ part seems really hard,nervousness
It's not illegal to be ungrateful. You can't force someone to take care of someone like you're wanting.,nervousness
When he put his legs on either side of the crocodile I thought to myself â€œman you still have time to change your mindâ€ but alas.,nervousness
As someone else has mentioned it is not theft technically. So that will probably only cause more problems for myself.,nervousness
Thatâ€™s depressing,nervousness
Ahh going to bother me I remember it. Let me do some research!!,nervousness
Itâ€™s going to be a very long and exhausting election season. I just hope we make it though united.,nervousness
â€œ40 lbs of fatâ€ yeah 40 lbs of fat and a shit load of plastic surgery maybe,nervousness
Wait this is what chill looks like? Some girl told me that I look dead amd I flinch at the slightest movement. You really call that chill?,nervousness
I have a bad feeling about this.,nervousness
Okay then. Please remind me again why the lack of support is death threats in my PMs.,nervousness
Oops! The lack of free trade caused the death of 20 Million proletariat!,nervousness
That logic leads to a very dark place if all you have are terrible people in your life.,nervousness
I don't think we could afford the expense bill for coming out of a pretty cushy retirement.,nervousness
I mean it's not wrong,nervousness
I don't think it's duping I think it probably loot cycling you can find almost the military gear from on the coast now.,nervousness
Same thing happened to me last year ended horribly,nervousness
You must have missed most of the thread then. :p,nervousness
Seeing people overtaking on the right makes me anxious.,nervousness
this made me stop subconsciously breathing and now I can't stop thinking about it,nervousness
Different pipes go to different places! You're gonna mix them up!,nervousness
"Nowadays I get nervous watching Steelers defense. Back then, I couldn't wait to see what they'd do next.",nervousness
I'm so nervous!,nervousness
"There's too much focus on ""our side Vs their side"" and things just seem to be getting worse",nervousness
My worry is that campaign financing is complex enough that they'll be able to be sneaky about it while maintaining a good public face.,nervousness
The guy is seriously neurotic.,nervousness
Winter depression has finally gotten to me. So damn bored even with all these bowl games on.,nervousness
Canâ€™t blame him! She kinda looks like Bill long lost older sister.,nervousness
Itâ€™s going to be a very long and exhausting election season. I just hope we make it though united.,nervousness
Why are you nervous about getting fired if you arenâ€™t doing anything wrong? If I were an employer firing an employee would be my last resort.,nervousness
"Holy bait-and-switch, Bill. Iâ€™m so sorry, that has to be incredibly stressful to have to be around and deal with.",nervousness
They're so scared,nervousness
also anxious that people will be angry or surprised or upset at me for me never telling people about this before,nervousness
I wouldn't get your hopes up until you've been dating a while.,nervousness
Fuck i know. I'm so worried for girls like me growing up now.,nervousness
"Also, they ruined Top Gear but thatâ€™s a whole other issue.",nervousness
So edgy.,nervousness
Now I'm worried that cat will get salmonella :(,nervousness
No response after a week? That's something to worry about.,nervousness
Oh for fuckâ€™s sake.,nervousness
That was painful to read.,nervousness
"Oooh, edgy!",nervousness
> I'm not really sure why my post got you so mad Because heâ€™s one of the guys weâ€™re talking about.,nervousness
Was that a thing? Please tell me this was not a thing.,nervousness
I can't even get close to beating that one though... same with the salmon fishing one.,nervousness
"You sound upset. Maybe take a break, kiddo. Everyone knows Bill wouldn't answer the bell anyhow. Just proved it.",nervousness
"Eternal rest grant unto him, O Lord, and let perpetual light shine upon him. May he rest in peace. Amen",nervousness
But then how will I betray it?,nervousness
Oh cool another manufactured awful Bill pushing untalented rapper. Itâ€™s getting more obvious as time goes by,nervousness
that wouldâ€™ve tasted a lot better,nervousness
"I didnâ€™t even really want to be a graphic designer, I just felt like I should pick SOMETHING",nervousness
My only issue is he keeps blowing draft picks on QBâ€™s that are terrible.,nervousness
I'm a guy and I'm squirming. My wife asked me what the hell I was reading and I told her. She said wtf really loud.,nervousness
Seeing people overtaking on the right makes me anxious.,nervousness
Chills. I canâ€™t wait. Iâ€™m sure Bill will get over this not being happy because they have bigger fish to fry.,nervousness
But those are typically quieter and then I wonâ€™t need them ğŸ™ƒ are we done,nervousness
A lot of people call that this is only one they made her sick,nervousness
"Nah she's just a dull asari doctor, with a pleasing voice.",nervousness
"Lots of coffee, if anything. I think he was just nervous. Dealing with media/cameras isn't for everyone, after all.",nervousness
It's just a human problem. I lose track of how many stories a month come out about some teacher getting caught sexually abusing 1-3 of her students.,nervousness
